,year,industry_code_ANZSIC,industry_name_ANZSIC,rme_size_grp,variable,value,unit
0,2011,A,"Agriculture, Forestry and Fishing",a_0,Activity unit,46134,COUNT
1,2011,A,"Agriculture, Forestry and Fishing",a_0,Rolling mean employees,0,COUNT
2,2011,A,"Agriculture, Forestry and Fishing",a_0,Salaries and wages paid,279,DOLLARS(millions)
3,2011,A,"Agriculture, Forestry and Fishing",a_0,"Sales, government funding, grants and subsidies",8187,DOLLARS(millions)
4,2011,A,"Agriculture, Forestry and Fishing",a_0,Total income,8866,DOLLARS(millions)
5,2011,A,"Agriculture, Forestry and Fishing",a_0,Total expenditure,7618,DOLLARS(millions)
6,2011,A,"Agriculture, Forestry and Fishing",a_0,Operating profit before tax,770,DOLLARS(millions)
7,2011,A,"Agriculture, Forestry and Fishing",a_0,Total assets,55700,DOLLARS(millions)
8,2011,A,"Agriculture, Forestry and Fishing",a_0,Fixed tangible assets,32155,DOLLARS(millions)
9,2011,A,"Agriculture, Forestry and Fishing",b_1-5,Activity unit,21777,COUNT
10,2011,A,"Agriculture, Forestry and Fishing",b_1-5,Rolling mean employees,38136,COUNT
11,2011,A,"Agriculture, Forestry and Fishing",b_1-5,Salaries and wages paid,1435,DOLLARS(millions)
12,2011,A,"Agriculture, Forestry and Fishing",b_1-5,"Sales, government funding, grants and subsidies",13359,DOLLARS(millions)
13,2011,A,"Agriculture, Forestry and Fishing",b_1-5,Total income,13771,DOLLARS(millions)
14,2011,A,"Agriculture, Forestry and Fishing",b_1-5,Total expenditure,12316,DOLLARS(millions)
15,2011,A,"Agriculture, Forestry and Fishing",b_1-5,Operating profit before tax,1247,DOLLARS(millions)
16,2011,A,"Agriculture, Forestry and Fishing",b_1-5,Total assets,52666,DOLLARS(millions)
17,2011,A,"Agriculture, Forestry and Fishing",b_1-5,Fixed tangible assets,31235,DOLLARS(millions)
18,2011,A,"Agriculture, Forestry and Fishing",c_6-9,Activity unit,1965,COUNT
19,2011,A,"Agriculture, Forestry and Fishing",c_6-9,Rolling mean employees,13848,COUNT
20,2011,A,"Agriculture, Forestry and Fishing",c_6-9,Salaries and wages paid,467,DOLLARS(millions)
21,2011,A,"Agriculture, Forestry and Fishing",c_6-9,"Sales, government funding, grants and subsidies",3060,DOLLARS(millions)
22,2011,A,"Agriculture, Forestry and Fishing",c_6-9,Total income,3114,DOLLARS(millions)
23,2011,A,"Agriculture, Forestry and Fishing",c_6-9,Total expenditure,2895,DOLLARS(millions)
24,2011,A,"Agriculture, Forestry and Fishing",c_6-9,Operating profit before tax,223,DOLLARS(millions)
25,2011,A,"Agriculture, Forestry and Fishing",c_6-9,Total assets,9323,DOLLARS(millions)
26,2011,A,"Agriculture, Forestry and Fishing",c_6-9,Fixed tangible assets,5482,DOLLARS(millions)
27,2011,A,"Agriculture, Forestry and Fishing",d_10-19,Activity unit,1140,COUNT
28,2011,A,"Agriculture, Forestry and Fishing",d_10-19,Rolling mean employees,14850,COUNT
29,2011,A,"Agriculture, Forestry and Fishing",d_10-19,Salaries and wages paid,477,DOLLARS(millions)
30,2011,A,"Agriculture, Forestry and Fishing",d_10-19,"Sales, government funding, grants and subsidies",2396,DOLLARS(millions)
31,2011,A,"Agriculture, Forestry and Fishing",d_10-19,Total income,2438,DOLLARS(millions)
32,2011,A,"Agriculture, Forestry and Fishing",d_10-19,Total expenditure,2344,DOLLARS(millions)
33,2011,A,"Agriculture, Forestry and Fishing",d_10-19,Operating profit before tax,126,DOLLARS(millions)
34,2011,A,"Agriculture, Forestry and Fishing",d_10-19,Total assets,6524,DOLLARS(millions)
35,2011,A,"Agriculture, Forestry and Fishing",d_10-19,Fixed tangible assets,3649,DOLLARS(millions)
36,2011,A,"Agriculture, Forestry and Fishing",e_20-49,Activity unit,480,COUNT
37,2011,A,"Agriculture, Forestry and Fishing",e_20-49,Rolling mean employees,13983,COUNT
38,2011,A,"Agriculture, Forestry and Fishing",e_20-49,Salaries and wages paid,410,DOLLARS(millions)
39,2011,A,"Agriculture, Forestry and Fishing",e_20-49,"Sales, government funding, grants and subsidies",1806,DOLLARS(millions)
40,2011,A,"Agriculture, Forestry and Fishing",e_20-49,Total income,1885,DOLLARS(millions)
41,2011,A,"Agriculture, Forestry and Fishing",e_20-49,Total expenditure,1773,DOLLARS(millions)
42,2011,A,"Agriculture, Forestry and Fishing",e_20-49,Operating profit before tax,80,DOLLARS(millions)
43,2011,A,"Agriculture, Forestry and Fishing",e_20-49,Total assets,3984,DOLLARS(millions)
44,2011,A,"Agriculture, Forestry and Fishing",e_20-49,Fixed tangible assets,1676,DOLLARS(millions)
45,2011,A,"Agriculture, Forestry and Fishing",f_50-99,Activity unit,111,COUNT
46,2011,A,"Agriculture, Forestry and Fishing",f_50-99,Rolling mean employees,7419,COUNT
47,2011,A,"Agriculture, Forestry and Fishing",f_50-99,Salaries and wages paid,200,DOLLARS(millions)
48,2011,A,"Agriculture, Forestry and Fishing",f_50-99,"Sales, government funding, grants and subsidies",1075,DOLLARS(millions)
49,2011,A,"Agriculture, Forestry and Fishing",f_50-99,Total income,1170,DOLLARS(millions)
50,2011,A,"Agriculture, Forestry and Fishing",f_50-99,Total expenditure,1056,DOLLARS(millions)
51,2011,A,"Agriculture, Forestry and Fishing",f_50-99,Operating profit before tax,39,DOLLARS(millions)
52,2011,A,"Agriculture, Forestry and Fishing",f_50-99,Total assets,2067,DOLLARS(millions)
53,2011,A,"Agriculture, Forestry and Fishing",f_50-99,Fixed tangible assets,930,DOLLARS(millions)
54,2011,A,"Agriculture, Forestry and Fishing",g_100-199,Activity unit,27,COUNT
55,2011,A,"Agriculture, Forestry and Fishing",g_100-199,Rolling mean employees,3522,COUNT
56,2011,A,"Agriculture, Forestry and Fishing",g_100-199,Salaries and wages paid,86,DOLLARS(millions)
57,2011,A,"Agriculture, Forestry and Fishing",g_100-199,"Sales, government funding, grants and subsidies",341,DOLLARS(millions)
58,2011,A,"Agriculture, Forestry and Fishing",g_100-199,Total income,364,DOLLARS(millions)
59,2011,A,"Agriculture, Forestry and Fishing",g_100-199,Total expenditure,333,DOLLARS(millions)
60,2011,A,"Agriculture, Forestry and Fishing",g_100-199,Operating profit before tax,37,DOLLARS(millions)
61,2011,A,"Agriculture, Forestry and Fishing",g_100-199,Total assets,807,DOLLARS(millions)
62,2011,A,"Agriculture, Forestry and Fishing",g_100-199,Fixed tangible assets,C,DOLLARS(millions)
63,2011,A,"Agriculture, Forestry and Fishing",h_200+,Activity unit,15,COUNT
64,2011,A,"Agriculture, Forestry and Fishing",h_200+,Rolling mean employees,6120,COUNT
65,2011,A,"Agriculture, Forestry and Fishing",h_200+,Salaries and wages paid,173,DOLLARS(millions)
66,2011,A,"Agriculture, Forestry and Fishing",h_200+,"Sales, government funding, grants and subsidies",920,DOLLARS(millions)
67,2011,A,"Agriculture, Forestry and Fishing",h_200+,Total income,1034,DOLLARS(millions)
68,2011,A,"Agriculture, Forestry and Fishing",h_200+,Total expenditure,850,DOLLARS(millions)
69,2011,A,"Agriculture, Forestry and Fishing",h_200+,Operating profit before tax,93,DOLLARS(millions)
70,2011,A,"Agriculture, Forestry and Fishing",h_200+,Total assets,2555,DOLLARS(millions)
71,2011,A,"Agriculture, Forestry and Fishing",h_200+,Fixed tangible assets,C,DOLLARS(millions)
72,2011,A,"Agriculture, Forestry and Fishing",i_Industry_Total,Activity unit,71652,COUNT
73,2011,A,"Agriculture, Forestry and Fishing",i_Industry_Total,Rolling mean employees,97878,COUNT
74,2011,A,"Agriculture, Forestry and Fishing",i_Industry_Total,Salaries and wages paid,3527,DOLLARS(millions)
75,2011,A,"Agriculture, Forestry and Fishing",i_Industry_Total,"Sales, government funding, grants and subsidies",31145,DOLLARS(millions)
76,2011,A,"Agriculture, Forestry and Fishing",i_Industry_Total,Total income,32642,DOLLARS(millions)
77,2011,A,"Agriculture, Forestry and Fishing",i_Industry_Total,Total expenditure,29185,DOLLARS(millions)
78,2011,A,"Agriculture, Forestry and Fishing",i_Industry_Total,Operating profit before tax,2616,DOLLARS(millions)
79,2011,A,"Agriculture, Forestry and Fishing",i_Industry_Total,Total assets,133625,DOLLARS(millions)
80,2011,A,"Agriculture, Forestry and Fishing",i_Industry_Total,Fixed tangible assets,76626,DOLLARS(millions)
81,2012,A,"Agriculture, Forestry and Fishing",a_0,Activity unit,45264,COUNT
82,2012,A,"Agriculture, Forestry and Fishing",a_0,Rolling mean employees,0,COUNT
83,2012,A,"Agriculture, Forestry and Fishing",a_0,Salaries and wages paid,294,DOLLARS(millions)
84,2012,A,"Agriculture, Forestry and Fishing",a_0,"Sales, government funding, grants and subsidies",8847,DOLLARS(millions)
85,2012,A,"Agriculture, Forestry and Fishing",a_0,Total income,9615,DOLLARS(millions)
86,2012,A,"Agriculture, Forestry and Fishing",a_0,Total expenditure,7851,DOLLARS(millions)
87,2012,A,"Agriculture, Forestry and Fishing",a_0,Operating profit before tax,1316,DOLLARS(millions)
88,2012,A,"Agriculture, Forestry and Fishing",a_0,Total assets,54941,DOLLARS(millions)
89,2012,A,"Agriculture, Forestry and Fishing",a_0,Fixed tangible assets,31996,DOLLARS(millions)
90,2012,A,"Agriculture, Forestry and Fishing",b_1-5,Activity unit,21897,COUNT
91,2012,A,"Agriculture, Forestry and Fishing",b_1-5,Rolling mean employees,38859,COUNT
92,2012,A,"Agriculture, Forestry and Fishing",b_1-5,Salaries and wages paid,1513,DOLLARS(millions)
93,2012,A,"Agriculture, Forestry and Fishing",b_1-5,"Sales, government funding, grants and subsidies",13975,DOLLARS(millions)
94,2012,A,"Agriculture, Forestry and Fishing",b_1-5,Total income,14462,DOLLARS(millions)
95,2012,A,"Agriculture, Forestry and Fishing",b_1-5,Total expenditure,12904,DOLLARS(millions)
96,2012,A,"Agriculture, Forestry and Fishing",b_1-5,Operating profit before tax,1344,DOLLARS(millions)
97,2012,A,"Agriculture, Forestry and Fishing",b_1-5,Total assets,54946,DOLLARS(millions)
98,2012,A,"Agriculture, Forestry and Fishing",b_1-5,Fixed tangible assets,31448,DOLLARS(millions)
99,2012,A,"Agriculture, Forestry and Fishing",c_6-9,Activity unit,1965,COUNT
100,2012,A,"Agriculture, Forestry and Fishing",c_6-9,Rolling mean employees,13854,COUNT
101,2012,A,"Agriculture, Forestry and Fishing",c_6-9,Salaries and wages paid,501,DOLLARS(millions)
102,2012,A,"Agriculture, Forestry and Fishing",c_6-9,"Sales, government funding, grants and subsidies",3269,DOLLARS(millions)
103,2012,A,"Agriculture, Forestry and Fishing",c_6-9,Total income,3327,DOLLARS(millions)
104,2012,A,"Agriculture, Forestry and Fishing",c_6-9,Total expenditure,3083,DOLLARS(millions)
105,2012,A,"Agriculture, Forestry and Fishing",c_6-9,Operating profit before tax,268,DOLLARS(millions)
106,2012,A,"Agriculture, Forestry and Fishing",c_6-9,Total assets,10276,DOLLARS(millions)
107,2012,A,"Agriculture, Forestry and Fishing",c_6-9,Fixed tangible assets,6004,DOLLARS(millions)
108,2012,A,"Agriculture, Forestry and Fishing",d_10-19,Activity unit,1197,COUNT
109,2012,A,"Agriculture, Forestry and Fishing",d_10-19,Rolling mean employees,15774,COUNT
110,2012,A,"Agriculture, Forestry and Fishing",d_10-19,Salaries and wages paid,523,DOLLARS(millions)
111,2012,A,"Agriculture, Forestry and Fishing",d_10-19,"Sales, government funding, grants and subsidies",2758,DOLLARS(millions)
112,2012,A,"Agriculture, Forestry and Fishing",d_10-19,Total income,2818,DOLLARS(millions)
113,2012,A,"Agriculture, Forestry and Fishing",d_10-19,Total expenditure,2676,DOLLARS(millions)
114,2012,A,"Agriculture, Forestry and Fishing",d_10-19,Operating profit before tax,151,DOLLARS(millions)
115,2012,A,"Agriculture, Forestry and Fishing",d_10-19,Total assets,7086,DOLLARS(millions)
116,2012,A,"Agriculture, Forestry and Fishing",d_10-19,Fixed tangible assets,3643,DOLLARS(millions)
117,2012,A,"Agriculture, Forestry and Fishing",e_20-49,Activity unit,480,COUNT
118,2012,A,"Agriculture, Forestry and Fishing",e_20-49,Rolling mean employees,14019,COUNT
119,2012,A,"Agriculture, Forestry and Fishing",e_20-49,Salaries and wages paid,468,DOLLARS(millions)
120,2012,A,"Agriculture, Forestry and Fishing",e_20-49,"Sales, government funding, grants and subsidies",2057,DOLLARS(millions)
121,2012,A,"Agriculture, Forestry and Fishing",e_20-49,Total income,2111,DOLLARS(millions)
122,2012,A,"Agriculture, Forestry and Fishing",e_20-49,Total expenditure,2016,DOLLARS(millions)
123,2012,A,"Agriculture, Forestry and Fishing",e_20-49,Operating profit before tax,60,DOLLARS(millions)
124,2012,A,"Agriculture, Forestry and Fishing",e_20-49,Total assets,4306,DOLLARS(millions)
125,2012,A,"Agriculture, Forestry and Fishing",e_20-49,Fixed tangible assets,1909,DOLLARS(millions)
126,2012,A,"Agriculture, Forestry and Fishing",f_50-99,Activity unit,105,COUNT
127,2012,A,"Agriculture, Forestry and Fishing",f_50-99,Rolling mean employees,7206,COUNT
128,2012,A,"Agriculture, Forestry and Fishing",f_50-99,Salaries and wages paid,187,DOLLARS(millions)
129,2012,A,"Agriculture, Forestry and Fishing",f_50-99,"Sales, government funding, grants and subsidies",978,DOLLARS(millions)
130,2012,A,"Agriculture, Forestry and Fishing",f_50-99,Total income,1005,DOLLARS(millions)
131,2012,A,"Agriculture, Forestry and Fishing",f_50-99,Total expenditure,1001,DOLLARS(millions)
132,2012,A,"Agriculture, Forestry and Fishing",f_50-99,Operating profit before tax,38,DOLLARS(millions)
133,2012,A,"Agriculture, Forestry and Fishing",f_50-99,Total assets,1796,DOLLARS(millions)
134,2012,A,"Agriculture, Forestry and Fishing",f_50-99,Fixed tangible assets,822,DOLLARS(millions)
135,2012,A,"Agriculture, Forestry and Fishing",g_100-199,Activity unit,33,COUNT
136,2012,A,"Agriculture, Forestry and Fishing",g_100-199,Rolling mean employees,4368,COUNT
137,2012,A,"Agriculture, Forestry and Fishing",g_100-199,Salaries and wages paid,119,DOLLARS(millions)
138,2012,A,"Agriculture, Forestry and Fishing",g_100-199,"Sales, government funding, grants and subsidies",495,DOLLARS(millions)
139,2012,A,"Agriculture, Forestry and Fishing",g_100-199,Total income,516,DOLLARS(millions)
140,2012,A,"Agriculture, Forestry and Fishing",g_100-199,Total expenditure,489,DOLLARS(millions)
141,2012,A,"Agriculture, Forestry and Fishing",g_100-199,Operating profit before tax,34,DOLLARS(millions)
142,2012,A,"Agriculture, Forestry and Fishing",g_100-199,Total assets,901,DOLLARS(millions)
143,2012,A,"Agriculture, Forestry and Fishing",g_100-199,Fixed tangible assets,C,DOLLARS(millions)
144,2012,A,"Agriculture, Forestry and Fishing",h_200+,Activity unit,12,COUNT
145,2012,A,"Agriculture, Forestry and Fishing",h_200+,Rolling mean employees,5985,COUNT
146,2012,A,"Agriculture, Forestry and Fishing",h_200+,Salaries and wages paid,172,DOLLARS(millions)
147,2012,A,"Agriculture, Forestry and Fishing",h_200+,"Sales, government funding, grants and subsidies",952,DOLLARS(millions)
148,2012,A,"Agriculture, Forestry and Fishing",h_200+,Total income,958,DOLLARS(millions)
149,2012,A,"Agriculture, Forestry and Fishing",h_200+,Total expenditure,958,DOLLARS(millions)
150,2012,A,"Agriculture, Forestry and Fishing",h_200+,Operating profit before tax,46,DOLLARS(millions)
151,2012,A,"Agriculture, Forestry and Fishing",h_200+,Total assets,2605,DOLLARS(millions)
152,2012,A,"Agriculture, Forestry and Fishing",h_200+,Fixed tangible assets,C,DOLLARS(millions)
153,2012,A,"Agriculture, Forestry and Fishing",i_Industry_Total,Activity unit,70959,COUNT
154,2012,A,"Agriculture, Forestry and Fishing",i_Industry_Total,Rolling mean employees,100059,COUNT
155,2012,A,"Agriculture, Forestry and Fishing",i_Industry_Total,Salaries and wages paid,3778,DOLLARS(millions)
156,2012,A,"Agriculture, Forestry and Fishing",i_Industry_Total,"Sales, government funding, grants and subsidies",33330,DOLLARS(millions)
157,2012,A,"Agriculture, Forestry and Fishing",i_Industry_Total,Total income,34813,DOLLARS(millions)
158,2012,A,"Agriculture, Forestry and Fishing",i_Industry_Total,Total expenditure,30978,DOLLARS(millions)
159,2012,A,"Agriculture, Forestry and Fishing",i_Industry_Total,Operating profit before tax,3258,DOLLARS(millions)
160,2012,A,"Agriculture, Forestry and Fishing",i_Industry_Total,Total assets,136858,DOLLARS(millions)
161,2012,A,"Agriculture, Forestry and Fishing",i_Industry_Total,Fixed tangible assets,77413,DOLLARS(millions)
162,2013,A,"Agriculture, Forestry and Fishing",a_0,Activity unit,43011,COUNT
163,2013,A,"Agriculture, Forestry and Fishing",a_0,Rolling mean employees,0,COUNT
164,2013,A,"Agriculture, Forestry and Fishing",a_0,Salaries and wages paid,284,DOLLARS(millions)
165,2013,A,"Agriculture, Forestry and Fishing",a_0,"Sales, government funding, grants and subsidies",8341,DOLLARS(millions)
166,2013,A,"Agriculture, Forestry and Fishing",a_0,Total income,9401,DOLLARS(millions)
167,2013,A,"Agriculture, Forestry and Fishing",a_0,Total expenditure,7765,DOLLARS(millions)
168,2013,A,"Agriculture, Forestry and Fishing",a_0,Operating profit before tax,917,DOLLARS(millions)
169,2013,A,"Agriculture, Forestry and Fishing",a_0,Total assets,55540,DOLLARS(millions)
170,2013,A,"Agriculture, Forestry and Fishing",a_0,Fixed tangible assets,31506,DOLLARS(millions)
171,2013,A,"Agriculture, Forestry and Fishing",b_1-5,Activity unit,21648,COUNT
172,2013,A,"Agriculture, Forestry and Fishing",b_1-5,Rolling mean employees,38454,COUNT
173,2013,A,"Agriculture, Forestry and Fishing",b_1-5,Salaries and wages paid,1573,DOLLARS(millions)
174,2013,A,"Agriculture, Forestry and Fishing",b_1-5,"Sales, government funding, grants and subsidies",13149,DOLLARS(millions)
175,2013,A,"Agriculture, Forestry and Fishing",b_1-5,Total income,13790,DOLLARS(millions)
176,2013,A,"Agriculture, Forestry and Fishing",b_1-5,Total expenditure,12329,DOLLARS(millions)
177,2013,A,"Agriculture, Forestry and Fishing",b_1-5,Operating profit before tax,C,DOLLARS(millions)
178,2013,A,"Agriculture, Forestry and Fishing",b_1-5,Total assets,55631,DOLLARS(millions)
179,2013,A,"Agriculture, Forestry and Fishing",b_1-5,Fixed tangible assets,32857,DOLLARS(millions)
180,2013,A,"Agriculture, Forestry and Fishing",c_6-9,Activity unit,1956,COUNT
181,2013,A,"Agriculture, Forestry and Fishing",c_6-9,Rolling mean employees,13770,COUNT
182,2013,A,"Agriculture, Forestry and Fishing",c_6-9,Salaries and wages paid,519,DOLLARS(millions)
183,2013,A,"Agriculture, Forestry and Fishing",c_6-9,"Sales, government funding, grants and subsidies",3057,DOLLARS(millions)
184,2013,A,"Agriculture, Forestry and Fishing",c_6-9,Total income,3155,DOLLARS(millions)
185,2013,A,"Agriculture, Forestry and Fishing",c_6-9,Total expenditure,2910,DOLLARS(millions)
186,2013,A,"Agriculture, Forestry and Fishing",c_6-9,Operating profit before tax,154,DOLLARS(millions)
187,2013,A,"Agriculture, Forestry and Fishing",c_6-9,Total assets,10314,DOLLARS(millions)
188,2013,A,"Agriculture, Forestry and Fishing",c_6-9,Fixed tangible assets,6081,DOLLARS(millions)
189,2013,A,"Agriculture, Forestry and Fishing",d_10-19,Activity unit,1260,COUNT
190,2013,A,"Agriculture, Forestry and Fishing",d_10-19,Rolling mean employees,16002,COUNT
191,2013,A,"Agriculture, Forestry and Fishing",d_10-19,Salaries and wages paid,602,DOLLARS(millions)
192,2013,A,"Agriculture, Forestry and Fishing",d_10-19,"Sales, government funding, grants and subsidies",2828,DOLLARS(millions)
193,2013,A,"Agriculture, Forestry and Fishing",d_10-19,Total income,2928,DOLLARS(millions)
194,2013,A,"Agriculture, Forestry and Fishing",d_10-19,Total expenditure,2764,DOLLARS(millions)
195,2013,A,"Agriculture, Forestry and Fishing",d_10-19,Operating profit before tax,47,DOLLARS(millions)
196,2013,A,"Agriculture, Forestry and Fishing",d_10-19,Total assets,7288,DOLLARS(millions)
197,2013,A,"Agriculture, Forestry and Fishing",d_10-19,Fixed tangible assets,3874,DOLLARS(millions)
198,2013,A,"Agriculture, Forestry and Fishing",e_20-49,Activity unit,498,COUNT
199,2013,A,"Agriculture, Forestry and Fishing",e_20-49,Rolling mean employees,14514,COUNT
200,2013,A,"Agriculture, Forestry and Fishing",e_20-49,Salaries and wages paid,485,DOLLARS(millions)
201,2013,A,"Agriculture, Forestry and Fishing",e_20-49,"Sales, government funding, grants and subsidies",2105,DOLLARS(millions)
202,2013,A,"Agriculture, Forestry and Fishing",e_20-49,Total income,2274,DOLLARS(millions)
203,2013,A,"Agriculture, Forestry and Fishing",e_20-49,Total expenditure,2096,DOLLARS(millions)
204,2013,A,"Agriculture, Forestry and Fishing",e_20-49,Operating profit before tax,36,DOLLARS(millions)
205,2013,A,"Agriculture, Forestry and Fishing",e_20-49,Total assets,4725,DOLLARS(millions)
206,2013,A,"Agriculture, Forestry and Fishing",e_20-49,Fixed tangible assets,2204,DOLLARS(millions)
207,2013,A,"Agriculture, Forestry and Fishing",f_50-99,Activity unit,102,COUNT
208,2013,A,"Agriculture, Forestry and Fishing",f_50-99,Rolling mean employees,6822,COUNT
209,2013,A,"Agriculture, Forestry and Fishing",f_50-99,Salaries and wages paid,205,DOLLARS(millions)
210,2013,A,"Agriculture, Forestry and Fishing",f_50-99,"Sales, government funding, grants and subsidies",992,DOLLARS(millions)
211,2013,A,"Agriculture, Forestry and Fishing",f_50-99,Total income,1111,DOLLARS(millions)
212,2013,A,"Agriculture, Forestry and Fishing",f_50-99,Total expenditure,1066,DOLLARS(millions)
213,2013,A,"Agriculture, Forestry and Fishing",f_50-99,Operating profit before tax,26,DOLLARS(millions)
214,2013,A,"Agriculture, Forestry and Fishing",f_50-99,Total assets,2293,DOLLARS(millions)
215,2013,A,"Agriculture, Forestry and Fishing",f_50-99,Fixed tangible assets,1055,DOLLARS(millions)
216,2013,A,"Agriculture, Forestry and Fishing",g_100-199,Activity unit,30,COUNT
217,2013,A,"Agriculture, Forestry and Fishing",g_100-199,Rolling mean employees,4119,COUNT
218,2013,A,"Agriculture, Forestry and Fishing",g_100-199,Salaries and wages paid,126,DOLLARS(millions)
219,2013,A,"Agriculture, Forestry and Fishing",g_100-199,"Sales, government funding, grants and subsidies",513,DOLLARS(millions)
220,2013,A,"Agriculture, Forestry and Fishing",g_100-199,Total income,535,DOLLARS(millions)
221,2013,A,"Agriculture, Forestry and Fishing",g_100-199,Total expenditure,490,DOLLARS(millions)
222,2013,A,"Agriculture, Forestry and Fishing",g_100-199,Operating profit before tax,28,DOLLARS(millions)
223,2013,A,"Agriculture, Forestry and Fishing",g_100-199,Total assets,791,DOLLARS(millions)
224,2013,A,"Agriculture, Forestry and Fishing",g_100-199,Fixed tangible assets,C,DOLLARS(millions)
225,2013,A,"Agriculture, Forestry and Fishing",h_200+,Activity unit,15,COUNT
226,2013,A,"Agriculture, Forestry and Fishing",h_200+,Rolling mean employees,6981,COUNT
227,2013,A,"Agriculture, Forestry and Fishing",h_200+,Salaries and wages paid,234,DOLLARS(millions)
228,2013,A,"Agriculture, Forestry and Fishing",h_200+,"Sales, government funding, grants and subsidies",1226,DOLLARS(millions)
229,2013,A,"Agriculture, Forestry and Fishing",h_200+,Total income,1284,DOLLARS(millions)
230,2013,A,"Agriculture, Forestry and Fishing",h_200+,Total expenditure,1247,DOLLARS(millions)
231,2013,A,"Agriculture, Forestry and Fishing",h_200+,Operating profit before tax,39,DOLLARS(millions)
232,2013,A,"Agriculture, Forestry and Fishing",h_200+,Total assets,2804,DOLLARS(millions)
233,2013,A,"Agriculture, Forestry and Fishing",h_200+,Fixed tangible assets,C,DOLLARS(millions)
234,2013,A,"Agriculture, Forestry and Fishing",i_Industry_Total,Activity unit,68517,COUNT
235,2013,A,"Agriculture, Forestry and Fishing",i_Industry_Total,Rolling mean employees,100659,COUNT
236,2013,A,"Agriculture, Forestry and Fishing",i_Industry_Total,Salaries and wages paid,4028,DOLLARS(millions)
237,2013,A,"Agriculture, Forestry and Fishing",i_Industry_Total,"Sales, government funding, grants and subsidies",32210,DOLLARS(millions)
238,2013,A,"Agriculture, Forestry and Fishing",i_Industry_Total,Total income,34476,DOLLARS(millions)
239,2013,A,"Agriculture, Forestry and Fishing",i_Industry_Total,Total expenditure,30668,DOLLARS(millions)
240,2013,A,"Agriculture, Forestry and Fishing",i_Industry_Total,Operating profit before tax,C,DOLLARS(millions)
241,2013,A,"Agriculture, Forestry and Fishing",i_Industry_Total,Total assets,139387,DOLLARS(millions)
242,2013,A,"Agriculture, Forestry and Fishing",i_Industry_Total,Fixed tangible assets,79095,DOLLARS(millions)
243,2014,A,"Agriculture, Forestry and Fishing",a_0,Activity unit,43137,COUNT
244,2014,A,"Agriculture, Forestry and Fishing",a_0,Rolling mean employees,0,COUNT
245,2014,A,"Agriculture, Forestry and Fishing",a_0,Salaries and wages paid,325,DOLLARS(millions)
246,2014,A,"Agriculture, Forestry and Fishing",a_0,"Sales, government funding, grants and subsidies",9444,DOLLARS(millions)
247,2014,A,"Agriculture, Forestry and Fishing",a_0,Total income,10475,DOLLARS(millions)
248,2014,A,"Agriculture, Forestry and Fishing",a_0,Total expenditure,8023,DOLLARS(millions)
249,2014,A,"Agriculture, Forestry and Fishing",a_0,Operating profit before tax,1736,DOLLARS(millions)
250,2014,A,"Agriculture, Forestry and Fishing",a_0,Total assets,55513,DOLLARS(millions)
251,2014,A,"Agriculture, Forestry and Fishing",a_0,Fixed tangible assets,31084,DOLLARS(millions)
252,2014,A,"Agriculture, Forestry and Fishing",b_1-5,Activity unit,21507,COUNT
253,2014,A,"Agriculture, Forestry and Fishing",b_1-5,Rolling mean employees,39330,COUNT
254,2014,A,"Agriculture, Forestry and Fishing",b_1-5,Salaries and wages paid,1765,DOLLARS(millions)
255,2014,A,"Agriculture, Forestry and Fishing",b_1-5,"Sales, government funding, grants and subsidies",15212,DOLLARS(millions)
256,2014,A,"Agriculture, Forestry and Fishing",b_1-5,Total income,15847,DOLLARS(millions)
257,2014,A,"Agriculture, Forestry and Fishing",b_1-5,Total expenditure,13191,DOLLARS(millions)
258,2014,A,"Agriculture, Forestry and Fishing",b_1-5,Operating profit before tax,2287,DOLLARS(millions)
259,2014,A,"Agriculture, Forestry and Fishing",b_1-5,Total assets,55328,DOLLARS(millions)
260,2014,A,"Agriculture, Forestry and Fishing",b_1-5,Fixed tangible assets,32629,DOLLARS(millions)
261,2014,A,"Agriculture, Forestry and Fishing",c_6-9,Activity unit,2127,COUNT
262,2014,A,"Agriculture, Forestry and Fishing",c_6-9,Rolling mean employees,15006,COUNT
263,2014,A,"Agriculture, Forestry and Fishing",c_6-9,Salaries and wages paid,584,DOLLARS(millions)
264,2014,A,"Agriculture, Forestry and Fishing",c_6-9,"Sales, government funding, grants and subsidies",3672,DOLLARS(millions)
265,2014,A,"Agriculture, Forestry and Fishing",c_6-9,Total income,3745,DOLLARS(millions)
266,2014,A,"Agriculture, Forestry and Fishing",c_6-9,Total expenditure,3291,DOLLARS(millions)
267,2014,A,"Agriculture, Forestry and Fishing",c_6-9,Operating profit before tax,449,DOLLARS(millions)
268,2014,A,"Agriculture, Forestry and Fishing",c_6-9,Total assets,11085,DOLLARS(millions)
269,2014,A,"Agriculture, Forestry and Fishing",c_6-9,Fixed tangible assets,6509,DOLLARS(millions)
270,2014,A,"Agriculture, Forestry and Fishing",d_10-19,Activity unit,1194,COUNT
271,2014,A,"Agriculture, Forestry and Fishing",d_10-19,Rolling mean employees,15720,COUNT
272,2014,A,"Agriculture, Forestry and Fishing",d_10-19,Salaries and wages paid,600,DOLLARS(millions)
273,2014,A,"Agriculture, Forestry and Fishing",d_10-19,"Sales, government funding, grants and subsidies",3322,DOLLARS(millions)
274,2014,A,"Agriculture, Forestry and Fishing",d_10-19,Total income,3445,DOLLARS(millions)
275,2014,A,"Agriculture, Forestry and Fishing",d_10-19,Total expenditure,3046,DOLLARS(millions)
276,2014,A,"Agriculture, Forestry and Fishing",d_10-19,Operating profit before tax,382,DOLLARS(millions)
277,2014,A,"Agriculture, Forestry and Fishing",d_10-19,Total assets,7971,DOLLARS(millions)
278,2014,A,"Agriculture, Forestry and Fishing",d_10-19,Fixed tangible assets,4112,DOLLARS(millions)
279,2014,A,"Agriculture, Forestry and Fishing",e_20-49,Activity unit,516,COUNT
280,2014,A,"Agriculture, Forestry and Fishing",e_20-49,Rolling mean employees,15042,COUNT
281,2014,A,"Agriculture, Forestry and Fishing",e_20-49,Salaries and wages paid,505,DOLLARS(millions)
282,2014,A,"Agriculture, Forestry and Fishing",e_20-49,"Sales, government funding, grants and subsidies",2202,DOLLARS(millions)
283,2014,A,"Agriculture, Forestry and Fishing",e_20-49,Total income,2289,DOLLARS(millions)
284,2014,A,"Agriculture, Forestry and Fishing",e_20-49,Total expenditure,2089,DOLLARS(millions)
285,2014,A,"Agriculture, Forestry and Fishing",e_20-49,Operating profit before tax,195,DOLLARS(millions)
286,2014,A,"Agriculture, Forestry and Fishing",e_20-49,Total assets,5162,DOLLARS(millions)
287,2014,A,"Agriculture, Forestry and Fishing",e_20-49,Fixed tangible assets,2522,DOLLARS(millions)
288,2014,A,"Agriculture, Forestry and Fishing",f_50-99,Activity unit,108,COUNT
289,2014,A,"Agriculture, Forestry and Fishing",f_50-99,Rolling mean employees,6987,COUNT
290,2014,A,"Agriculture, Forestry and Fishing",f_50-99,Salaries and wages paid,200,DOLLARS(millions)
291,2014,A,"Agriculture, Forestry and Fishing",f_50-99,"Sales, government funding, grants and subsidies",1134,DOLLARS(millions)
292,2014,A,"Agriculture, Forestry and Fishing",f_50-99,Total income,1355,DOLLARS(millions)
293,2014,A,"Agriculture, Forestry and Fishing",f_50-99,Total expenditure,1021,DOLLARS(millions)
294,2014,A,"Agriculture, Forestry and Fishing",f_50-99,Operating profit before tax,179,DOLLARS(millions)
295,2014,A,"Agriculture, Forestry and Fishing",f_50-99,Total assets,2606,DOLLARS(millions)
296,2014,A,"Agriculture, Forestry and Fishing",f_50-99,Fixed tangible assets,1107,DOLLARS(millions)
297,2014,A,"Agriculture, Forestry and Fishing",g_100-199,Activity unit,30,COUNT
298,2014,A,"Agriculture, Forestry and Fishing",g_100-199,Rolling mean employees,4167,COUNT
299,2014,A,"Agriculture, Forestry and Fishing",g_100-199,Salaries and wages paid,124,DOLLARS(millions)
300,2014,A,"Agriculture, Forestry and Fishing",g_100-199,"Sales, government funding, grants and subsidies",406,DOLLARS(millions)
301,2014,A,"Agriculture, Forestry and Fishing",g_100-199,Total income,410,DOLLARS(millions)
302,2014,A,"Agriculture, Forestry and Fishing",g_100-199,Total expenditure,395,DOLLARS(millions)
303,2014,A,"Agriculture, Forestry and Fishing",g_100-199,Operating profit before tax,32,DOLLARS(millions)
304,2014,A,"Agriculture, Forestry and Fishing",g_100-199,Total assets,649,DOLLARS(millions)
305,2014,A,"Agriculture, Forestry and Fishing",g_100-199,Fixed tangible assets,C,DOLLARS(millions)
306,2014,A,"Agriculture, Forestry and Fishing",h_200+,Activity unit,15,COUNT
307,2014,A,"Agriculture, Forestry and Fishing",h_200+,Rolling mean employees,7794,COUNT
308,2014,A,"Agriculture, Forestry and Fishing",h_200+,Salaries and wages paid,258,DOLLARS(millions)
309,2014,A,"Agriculture, Forestry and Fishing",h_200+,"Sales, government funding, grants and subsidies",1203,DOLLARS(millions)
310,2014,A,"Agriculture, Forestry and Fishing",h_200+,Total income,1332,DOLLARS(millions)
311,2014,A,"Agriculture, Forestry and Fishing",h_200+,Total expenditure,1152,DOLLARS(millions)
312,2014,A,"Agriculture, Forestry and Fishing",h_200+,Operating profit before tax,82,DOLLARS(millions)
313,2014,A,"Agriculture, Forestry and Fishing",h_200+,Total assets,2825,DOLLARS(millions)
314,2014,A,"Agriculture, Forestry and Fishing",h_200+,Fixed tangible assets,C,DOLLARS(millions)
315,2014,A,"Agriculture, Forestry and Fishing",i_Industry_Total,Activity unit,68634,COUNT
316,2014,A,"Agriculture, Forestry and Fishing",i_Industry_Total,Rolling mean employees,104046,COUNT
317,2014,A,"Agriculture, Forestry and Fishing",i_Industry_Total,Salaries and wages paid,4362,DOLLARS(millions)
318,2014,A,"Agriculture, Forestry and Fishing",i_Industry_Total,"Sales, government funding, grants and subsidies",36594,DOLLARS(millions)
319,2014,A,"Agriculture, Forestry and Fishing",i_Industry_Total,Total income,38899,DOLLARS(millions)
320,2014,A,"Agriculture, Forestry and Fishing",i_Industry_Total,Total expenditure,32208,DOLLARS(millions)
321,2014,A,"Agriculture, Forestry and Fishing",i_Industry_Total,Operating profit before tax,5342,DOLLARS(millions)
322,2014,A,"Agriculture, Forestry and Fishing",i_Industry_Total,Total assets,141138,DOLLARS(millions)
323,2014,A,"Agriculture, Forestry and Fishing",i_Industry_Total,Fixed tangible assets,79480,DOLLARS(millions)
324,2015,A,"Agriculture, Forestry and Fishing",a_0,Activity unit,44784,COUNT
325,2015,A,"Agriculture, Forestry and Fishing",a_0,Rolling mean employees,0,COUNT
326,2015,A,"Agriculture, Forestry and Fishing",a_0,Salaries and wages paid,329,DOLLARS(millions)
327,2015,A,"Agriculture, Forestry and Fishing",a_0,"Sales, government funding, grants and subsidies",9285,DOLLARS(millions)
328,2015,A,"Agriculture, Forestry and Fishing",a_0,Total income,11104,DOLLARS(millions)
329,2015,A,"Agriculture, Forestry and Fishing",a_0,Total expenditure,8343,DOLLARS(millions)
330,2015,A,"Agriculture, Forestry and Fishing",a_0,Operating profit before tax,1173,DOLLARS(millions)
331,2015,A,"Agriculture, Forestry and Fishing",a_0,Total assets,60767,DOLLARS(millions)
332,2015,A,"Agriculture, Forestry and Fishing",a_0,Fixed tangible assets,34852,DOLLARS(millions)
333,2015,A,"Agriculture, Forestry and Fishing",b_1-5,Activity unit,21423,COUNT
334,2015,A,"Agriculture, Forestry and Fishing",b_1-5,Rolling mean employees,39642,COUNT
335,2015,A,"Agriculture, Forestry and Fishing",b_1-5,Salaries and wages paid,1721,DOLLARS(millions)
336,2015,A,"Agriculture, Forestry and Fishing",b_1-5,"Sales, government funding, grants and subsidies",14295,DOLLARS(millions)
337,2015,A,"Agriculture, Forestry and Fishing",b_1-5,Total income,15068,DOLLARS(millions)
338,2015,A,"Agriculture, Forestry and Fishing",b_1-5,Total expenditure,13369,DOLLARS(millions)
339,2015,A,"Agriculture, Forestry and Fishing",b_1-5,Operating profit before tax,1062,DOLLARS(millions)
340,2015,A,"Agriculture, Forestry and Fishing",b_1-5,Total assets,57213,DOLLARS(millions)
341,2015,A,"Agriculture, Forestry and Fishing",b_1-5,Fixed tangible assets,34330,DOLLARS(millions)
342,2015,A,"Agriculture, Forestry and Fishing",c_6-9,Activity unit,2193,COUNT
343,2015,A,"Agriculture, Forestry and Fishing",c_6-9,Rolling mean employees,15378,COUNT
344,2015,A,"Agriculture, Forestry and Fishing",c_6-9,Salaries and wages paid,617,DOLLARS(millions)
345,2015,A,"Agriculture, Forestry and Fishing",c_6-9,"Sales, government funding, grants and subsidies",3495,DOLLARS(millions)
346,2015,A,"Agriculture, Forestry and Fishing",c_6-9,Total income,3576,DOLLARS(millions)
347,2015,A,"Agriculture, Forestry and Fishing",c_6-9,Total expenditure,3438,DOLLARS(millions)
348,2015,A,"Agriculture, Forestry and Fishing",c_6-9,Operating profit before tax,92,DOLLARS(millions)
349,2015,A,"Agriculture, Forestry and Fishing",c_6-9,Total assets,11751,DOLLARS(millions)
350,2015,A,"Agriculture, Forestry and Fishing",c_6-9,Fixed tangible assets,7228,DOLLARS(millions)
351,2015,A,"Agriculture, Forestry and Fishing",d_10-19,Activity unit,1272,COUNT
352,2015,A,"Agriculture, Forestry and Fishing",d_10-19,Rolling mean employees,16794,COUNT
353,2015,A,"Agriculture, Forestry and Fishing",d_10-19,Salaries and wages paid,613,DOLLARS(millions)
354,2015,A,"Agriculture, Forestry and Fishing",d_10-19,"Sales, government funding, grants and subsidies",3261,DOLLARS(millions)
355,2015,A,"Agriculture, Forestry and Fishing",d_10-19,Total income,3377,DOLLARS(millions)
356,2015,A,"Agriculture, Forestry and Fishing",d_10-19,Total expenditure,3175,DOLLARS(millions)
357,2015,A,"Agriculture, Forestry and Fishing",d_10-19,Operating profit before tax,137,DOLLARS(millions)
358,2015,A,"Agriculture, Forestry and Fishing",d_10-19,Total assets,8609,DOLLARS(millions)
359,2015,A,"Agriculture, Forestry and Fishing",d_10-19,Fixed tangible assets,4714,DOLLARS(millions)
360,2015,A,"Agriculture, Forestry and Fishing",e_20-49,Activity unit,558,COUNT
361,2015,A,"Agriculture, Forestry and Fishing",e_20-49,Rolling mean employees,16674,COUNT
362,2015,A,"Agriculture, Forestry and Fishing",e_20-49,Salaries and wages paid,583,DOLLARS(millions)
363,2015,A,"Agriculture, Forestry and Fishing",e_20-49,"Sales, government funding, grants and subsidies",2278,DOLLARS(millions)
364,2015,A,"Agriculture, Forestry and Fishing",e_20-49,Total income,2396,DOLLARS(millions)
365,2015,A,"Agriculture, Forestry and Fishing",e_20-49,Total expenditure,2288,DOLLARS(millions)
366,2015,A,"Agriculture, Forestry and Fishing",e_20-49,Operating profit before tax,51,DOLLARS(millions)
367,2015,A,"Agriculture, Forestry and Fishing",e_20-49,Total assets,5402,DOLLARS(millions)
368,2015,A,"Agriculture, Forestry and Fishing",e_20-49,Fixed tangible assets,2750,DOLLARS(millions)
369,2015,A,"Agriculture, Forestry and Fishing",f_50-99,Activity unit,93,COUNT
370,2015,A,"Agriculture, Forestry and Fishing",f_50-99,Rolling mean employees,6243,COUNT
371,2015,A,"Agriculture, Forestry and Fishing",f_50-99,Salaries and wages paid,180,DOLLARS(millions)
372,2015,A,"Agriculture, Forestry and Fishing",f_50-99,"Sales, government funding, grants and subsidies",1035,DOLLARS(millions)
373,2015,A,"Agriculture, Forestry and Fishing",f_50-99,Total income,1148,DOLLARS(millions)
374,2015,A,"Agriculture, Forestry and Fishing",f_50-99,Total expenditure,987,DOLLARS(millions)
375,2015,A,"Agriculture, Forestry and Fishing",f_50-99,Operating profit before tax,57,DOLLARS(millions)
376,2015,A,"Agriculture, Forestry and Fishing",f_50-99,Total assets,2748,DOLLARS(millions)
377,2015,A,"Agriculture, Forestry and Fishing",f_50-99,Fixed tangible assets,1183,DOLLARS(millions)
378,2015,A,"Agriculture, Forestry and Fishing",g_100-199,Activity unit,36,COUNT
379,2015,A,"Agriculture, Forestry and Fishing",g_100-199,Rolling mean employees,4929,COUNT
380,2015,A,"Agriculture, Forestry and Fishing",g_100-199,Salaries and wages paid,169,DOLLARS(millions)
381,2015,A,"Agriculture, Forestry and Fishing",g_100-199,"Sales, government funding, grants and subsidies",532,DOLLARS(millions)
382,2015,A,"Agriculture, Forestry and Fishing",g_100-199,Total income,544,DOLLARS(millions)
383,2015,A,"Agriculture, Forestry and Fishing",g_100-199,Total expenditure,530,DOLLARS(millions)
384,2015,A,"Agriculture, Forestry and Fishing",g_100-199,Operating profit before tax,55,DOLLARS(millions)
385,2015,A,"Agriculture, Forestry and Fishing",g_100-199,Total assets,897,DOLLARS(millions)
386,2015,A,"Agriculture, Forestry and Fishing",g_100-199,Fixed tangible assets,C,DOLLARS(millions)
387,2015,A,"Agriculture, Forestry and Fishing",h_200+,Activity unit,15,COUNT
388,2015,A,"Agriculture, Forestry and Fishing",h_200+,Rolling mean employees,8235,COUNT
389,2015,A,"Agriculture, Forestry and Fishing",h_200+,Salaries and wages paid,261,DOLLARS(millions)
390,2015,A,"Agriculture, Forestry and Fishing",h_200+,"Sales, government funding, grants and subsidies",1189,DOLLARS(millions)
391,2015,A,"Agriculture, Forestry and Fishing",h_200+,Total income,1231,DOLLARS(millions)
392,2015,A,"Agriculture, Forestry and Fishing",h_200+,Total expenditure,1182,DOLLARS(millions)
393,2015,A,"Agriculture, Forestry and Fishing",h_200+,Operating profit before tax,84,DOLLARS(millions)
394,2015,A,"Agriculture, Forestry and Fishing",h_200+,Total assets,3063,DOLLARS(millions)
395,2015,A,"Agriculture, Forestry and Fishing",h_200+,Fixed tangible assets,C,DOLLARS(millions)
396,2015,A,"Agriculture, Forestry and Fishing",i_Industry_Total,Activity unit,70374,COUNT
397,2015,A,"Agriculture, Forestry and Fishing",i_Industry_Total,Rolling mean employees,107892,COUNT
398,2015,A,"Agriculture, Forestry and Fishing",i_Industry_Total,Salaries and wages paid,4472,DOLLARS(millions)
399,2015,A,"Agriculture, Forestry and Fishing",i_Industry_Total,"Sales, government funding, grants and subsidies",35371,DOLLARS(millions)
400,2015,A,"Agriculture, Forestry and Fishing",i_Industry_Total,Total income,38444,DOLLARS(millions)
401,2015,A,"Agriculture, Forestry and Fishing",i_Industry_Total,Total expenditure,33312,DOLLARS(millions)
402,2015,A,"Agriculture, Forestry and Fishing",i_Industry_Total,Operating profit before tax,2711,DOLLARS(millions)
403,2015,A,"Agriculture, Forestry and Fishing",i_Industry_Total,Total assets,150451,DOLLARS(millions)
404,2015,A,"Agriculture, Forestry and Fishing",i_Industry_Total,Fixed tangible assets,86701,DOLLARS(millions)
405,2016,A,"Agriculture, Forestry and Fishing",a_0,Activity unit,44880,COUNT
406,2016,A,"Agriculture, Forestry and Fishing",a_0,Rolling mean employees,0,COUNT
407,2016,A,"Agriculture, Forestry and Fishing",a_0,Salaries and wages paid,328,DOLLARS(millions)
408,2016,A,"Agriculture, Forestry and Fishing",a_0,"Sales, government funding, grants and subsidies",8654,DOLLARS(millions)
409,2016,A,"Agriculture, Forestry and Fishing",a_0,Total income,10184,DOLLARS(millions)
410,2016,A,"Agriculture, Forestry and Fishing",a_0,Total expenditure,8118,DOLLARS(millions)
411,2016,A,"Agriculture, Forestry and Fishing",a_0,Operating profit before tax,847,DOLLARS(millions)
412,2016,A,"Agriculture, Forestry and Fishing",a_0,Total assets,66501,DOLLARS(millions)
413,2016,A,"Agriculture, Forestry and Fishing",a_0,Fixed tangible assets,37946,DOLLARS(millions)
414,2016,A,"Agriculture, Forestry and Fishing",b_1-5,Activity unit,20940,COUNT
415,2016,A,"Agriculture, Forestry and Fishing",b_1-5,Rolling mean employees,38661,COUNT
416,2016,A,"Agriculture, Forestry and Fishing",b_1-5,Salaries and wages paid,1678,DOLLARS(millions)
417,2016,A,"Agriculture, Forestry and Fishing",b_1-5,"Sales, government funding, grants and subsidies",12939,DOLLARS(millions)
418,2016,A,"Agriculture, Forestry and Fishing",b_1-5,Total income,13660,DOLLARS(millions)
419,2016,A,"Agriculture, Forestry and Fishing",b_1-5,Total expenditure,13040,DOLLARS(millions)
420,2016,A,"Agriculture, Forestry and Fishing",b_1-5,Operating profit before tax,155,DOLLARS(millions)
421,2016,A,"Agriculture, Forestry and Fishing",b_1-5,Total assets,58733,DOLLARS(millions)
422,2016,A,"Agriculture, Forestry and Fishing",b_1-5,Fixed tangible assets,35769,DOLLARS(millions)
423,2016,A,"Agriculture, Forestry and Fishing",c_6-9,Activity unit,2163,COUNT
424,2016,A,"Agriculture, Forestry and Fishing",c_6-9,Rolling mean employees,15168,COUNT
425,2016,A,"Agriculture, Forestry and Fishing",c_6-9,Salaries and wages paid,597,DOLLARS(millions)
426,2016,A,"Agriculture, Forestry and Fishing",c_6-9,"Sales, government funding, grants and subsidies",3081,DOLLARS(millions)
427,2016,A,"Agriculture, Forestry and Fishing",c_6-9,Total income,3175,DOLLARS(millions)
428,2016,A,"Agriculture, Forestry and Fishing",c_6-9,Total expenditure,3204,DOLLARS(millions)
429,2016,A,"Agriculture, Forestry and Fishing",c_6-9,Operating profit before tax,-101,DOLLARS(millions)
430,2016,A,"Agriculture, Forestry and Fishing",c_6-9,Total assets,12073,DOLLARS(millions)
431,2016,A,"Agriculture, Forestry and Fishing",c_6-9,Fixed tangible assets,7782,DOLLARS(millions)
432,2016,A,"Agriculture, Forestry and Fishing",d_10-19,Activity unit,1296,COUNT
433,2016,A,"Agriculture, Forestry and Fishing",d_10-19,Rolling mean employees,17112,COUNT
434,2016,A,"Agriculture, Forestry and Fishing",d_10-19,Salaries and wages paid,666,DOLLARS(millions)
435,2016,A,"Agriculture, Forestry and Fishing",d_10-19,"Sales, government funding, grants and subsidies",3021,DOLLARS(millions)
436,2016,A,"Agriculture, Forestry and Fishing",d_10-19,Total income,3170,DOLLARS(millions)
437,2016,A,"Agriculture, Forestry and Fishing",d_10-19,Total expenditure,3076,DOLLARS(millions)
438,2016,A,"Agriculture, Forestry and Fishing",d_10-19,Operating profit before tax,21,DOLLARS(millions)
439,2016,A,"Agriculture, Forestry and Fishing",d_10-19,Total assets,8406,DOLLARS(millions)
440,2016,A,"Agriculture, Forestry and Fishing",d_10-19,Fixed tangible assets,4444,DOLLARS(millions)
441,2016,A,"Agriculture, Forestry and Fishing",e_20-49,Activity unit,558,COUNT
442,2016,A,"Agriculture, Forestry and Fishing",e_20-49,Rolling mean employees,16599,COUNT
443,2016,A,"Agriculture, Forestry and Fishing",e_20-49,Salaries and wages paid,570,DOLLARS(millions)
444,2016,A,"Agriculture, Forestry and Fishing",e_20-49,"Sales, government funding, grants and subsidies",2497,DOLLARS(millions)
445,2016,A,"Agriculture, Forestry and Fishing",e_20-49,Total income,2612,DOLLARS(millions)
446,2016,A,"Agriculture, Forestry and Fishing",e_20-49,Total expenditure,2541,DOLLARS(millions)
447,2016,A,"Agriculture, Forestry and Fishing",e_20-49,Operating profit before tax,44,DOLLARS(millions)
448,2016,A,"Agriculture, Forestry and Fishing",e_20-49,Total assets,5979,DOLLARS(millions)
449,2016,A,"Agriculture, Forestry and Fishing",e_20-49,Fixed tangible assets,2855,DOLLARS(millions)
450,2016,A,"Agriculture, Forestry and Fishing",f_50-99,Activity unit,117,COUNT
451,2016,A,"Agriculture, Forestry and Fishing",f_50-99,Rolling mean employees,7761,COUNT
452,2016,A,"Agriculture, Forestry and Fishing",f_50-99,Salaries and wages paid,260,DOLLARS(millions)
453,2016,A,"Agriculture, Forestry and Fishing",f_50-99,"Sales, government funding, grants and subsidies",1255,DOLLARS(millions)
454,2016,A,"Agriculture, Forestry and Fishing",f_50-99,Total income,1432,DOLLARS(millions)
455,2016,A,"Agriculture, Forestry and Fishing",f_50-99,Total expenditure,1239,DOLLARS(millions)
456,2016,A,"Agriculture, Forestry and Fishing",f_50-99,Operating profit before tax,168,DOLLARS(millions)
457,2016,A,"Agriculture, Forestry and Fishing",f_50-99,Total assets,3037,DOLLARS(millions)
458,2016,A,"Agriculture, Forestry and Fishing",f_50-99,Fixed tangible assets,1134,DOLLARS(millions)
459,2016,A,"Agriculture, Forestry and Fishing",g_100-199,Activity unit,39,COUNT
460,2016,A,"Agriculture, Forestry and Fishing",g_100-199,Rolling mean employees,5367,COUNT
461,2016,A,"Agriculture, Forestry and Fishing",g_100-199,Salaries and wages paid,169,DOLLARS(millions)
462,2016,A,"Agriculture, Forestry and Fishing",g_100-199,"Sales, government funding, grants and subsidies",488,DOLLARS(millions)
463,2016,A,"Agriculture, Forestry and Fishing",g_100-199,Total income,526,DOLLARS(millions)
464,2016,A,"Agriculture, Forestry and Fishing",g_100-199,Total expenditure,508,DOLLARS(millions)
465,2016,A,"Agriculture, Forestry and Fishing",g_100-199,Operating profit before tax,17,DOLLARS(millions)
466,2016,A,"Agriculture, Forestry and Fishing",g_100-199,Total assets,769,DOLLARS(millions)
467,2016,A,"Agriculture, Forestry and Fishing",g_100-199,Fixed tangible assets,C,DOLLARS(millions)
468,2016,A,"Agriculture, Forestry and Fishing",h_200+,Activity unit,18,COUNT
469,2016,A,"Agriculture, Forestry and Fishing",h_200+,Rolling mean employees,9327,COUNT
470,2016,A,"Agriculture, Forestry and Fishing",h_200+,Salaries and wages paid,288,DOLLARS(millions)
471,2016,A,"Agriculture, Forestry and Fishing",h_200+,"Sales, government funding, grants and subsidies",1118,DOLLARS(millions)
472,2016,A,"Agriculture, Forestry and Fishing",h_200+,Total income,1195,DOLLARS(millions)
473,2016,A,"Agriculture, Forestry and Fishing",h_200+,Total expenditure,1128,DOLLARS(millions)
474,2016,A,"Agriculture, Forestry and Fishing",h_200+,Operating profit before tax,108,DOLLARS(millions)
475,2016,A,"Agriculture, Forestry and Fishing",h_200+,Total assets,2865,DOLLARS(millions)
476,2016,A,"Agriculture, Forestry and Fishing",h_200+,Fixed tangible assets,C,DOLLARS(millions)
477,2016,A,"Agriculture, Forestry and Fishing",i_Industry_Total,Activity unit,70008,COUNT
478,2016,A,"Agriculture, Forestry and Fishing",i_Industry_Total,Rolling mean employees,109992,COUNT
479,2016,A,"Agriculture, Forestry and Fishing",i_Industry_Total,Salaries and wages paid,4556,DOLLARS(millions)
480,2016,A,"Agriculture, Forestry and Fishing",i_Industry_Total,"Sales, government funding, grants and subsidies",33053,DOLLARS(millions)
481,2016,A,"Agriculture, Forestry and Fishing",i_Industry_Total,Total income,35954,DOLLARS(millions)
482,2016,A,"Agriculture, Forestry and Fishing",i_Industry_Total,Total expenditure,32854,DOLLARS(millions)
483,2016,A,"Agriculture, Forestry and Fishing",i_Industry_Total,Operating profit before tax,1257,DOLLARS(millions)
484,2016,A,"Agriculture, Forestry and Fishing",i_Industry_Total,Total assets,158362,DOLLARS(millions)
485,2016,A,"Agriculture, Forestry and Fishing",i_Industry_Total,Fixed tangible assets,91591,DOLLARS(millions)
486,2017,A,"Agriculture, Forestry and Fishing",a_0,Activity unit,43527,COUNT
487,2017,A,"Agriculture, Forestry and Fishing",a_0,Rolling mean employees,0,COUNT
488,2017,A,"Agriculture, Forestry and Fishing",a_0,Salaries and wages paid,368,DOLLARS(millions)
489,2017,A,"Agriculture, Forestry and Fishing",a_0,"Sales, government funding, grants and subsidies",9737,DOLLARS(millions)
490,2017,A,"Agriculture, Forestry and Fishing",a_0,Total income,11491,DOLLARS(millions)
491,2017,A,"Agriculture, Forestry and Fishing",a_0,Total expenditure,8358,DOLLARS(millions)
492,2017,A,"Agriculture, Forestry and Fishing",a_0,Operating profit before tax,1801,DOLLARS(millions)
493,2017,A,"Agriculture, Forestry and Fishing",a_0,Total assets,68098,DOLLARS(millions)
494,2017,A,"Agriculture, Forestry and Fishing",a_0,Fixed tangible assets,37997,DOLLARS(millions)
495,2017,A,"Agriculture, Forestry and Fishing",b_1-5,Activity unit,20856,COUNT
496,2017,A,"Agriculture, Forestry and Fishing",b_1-5,Rolling mean employees,38565,COUNT
497,2017,A,"Agriculture, Forestry and Fishing",b_1-5,Salaries and wages paid,1839,DOLLARS(millions)
498,2017,A,"Agriculture, Forestry and Fishing",b_1-5,"Sales, government funding, grants and subsidies",14774,DOLLARS(millions)
499,2017,A,"Agriculture, Forestry and Fishing",b_1-5,Total income,15376,DOLLARS(millions)
500,2017,A,"Agriculture, Forestry and Fishing",b_1-5,Total expenditure,13663,DOLLARS(millions)
501,2017,A,"Agriculture, Forestry and Fishing",b_1-5,Operating profit before tax,1610,DOLLARS(millions)
502,2017,A,"Agriculture, Forestry and Fishing",b_1-5,Total assets,62275,DOLLARS(millions)
503,2017,A,"Agriculture, Forestry and Fishing",b_1-5,Fixed tangible assets,37526,DOLLARS(millions)
504,2017,A,"Agriculture, Forestry and Fishing",c_6-9,Activity unit,2127,COUNT
505,2017,A,"Agriculture, Forestry and Fishing",c_6-9,Rolling mean employees,14928,COUNT
506,2017,A,"Agriculture, Forestry and Fishing",c_6-9,Salaries and wages paid,635,DOLLARS(millions)
507,2017,A,"Agriculture, Forestry and Fishing",c_6-9,"Sales, government funding, grants and subsidies",3603,DOLLARS(millions)
508,2017,A,"Agriculture, Forestry and Fishing",c_6-9,Total income,3746,DOLLARS(millions)
509,2017,A,"Agriculture, Forestry and Fishing",c_6-9,Total expenditure,3381,DOLLARS(millions)
510,2017,A,"Agriculture, Forestry and Fishing",c_6-9,Operating profit before tax,337,DOLLARS(millions)
511,2017,A,"Agriculture, Forestry and Fishing",c_6-9,Total assets,12897,DOLLARS(millions)
512,2017,A,"Agriculture, Forestry and Fishing",c_6-9,Fixed tangible assets,8036,DOLLARS(millions)
513,2017,A,"Agriculture, Forestry and Fishing",d_10-19,Activity unit,1254,COUNT
514,2017,A,"Agriculture, Forestry and Fishing",d_10-19,Rolling mean employees,16245,COUNT
515,2017,A,"Agriculture, Forestry and Fishing",d_10-19,Salaries and wages paid,662,DOLLARS(millions)
516,2017,A,"Agriculture, Forestry and Fishing",d_10-19,"Sales, government funding, grants and subsidies",3302,DOLLARS(millions)
517,2017,A,"Agriculture, Forestry and Fishing",d_10-19,Total income,3472,DOLLARS(millions)
518,2017,A,"Agriculture, Forestry and Fishing",d_10-19,Total expenditure,3068,DOLLARS(millions)
519,2017,A,"Agriculture, Forestry and Fishing",d_10-19,Operating profit before tax,293,DOLLARS(millions)
520,2017,A,"Agriculture, Forestry and Fishing",d_10-19,Total assets,9099,DOLLARS(millions)
521,2017,A,"Agriculture, Forestry and Fishing",d_10-19,Fixed tangible assets,4885,DOLLARS(millions)
522,2017,A,"Agriculture, Forestry and Fishing",e_20-49,Activity unit,585,COUNT
523,2017,A,"Agriculture, Forestry and Fishing",e_20-49,Rolling mean employees,17151,COUNT
524,2017,A,"Agriculture, Forestry and Fishing",e_20-49,Salaries and wages paid,624,DOLLARS(millions)
525,2017,A,"Agriculture, Forestry and Fishing",e_20-49,"Sales, government funding, grants and subsidies",2779,DOLLARS(millions)
526,2017,A,"Agriculture, Forestry and Fishing",e_20-49,Total income,2909,DOLLARS(millions)
527,2017,A,"Agriculture, Forestry and Fishing",e_20-49,Total expenditure,2647,DOLLARS(millions)
528,2017,A,"Agriculture, Forestry and Fishing",e_20-49,Operating profit before tax,225,DOLLARS(millions)
529,2017,A,"Agriculture, Forestry and Fishing",e_20-49,Total assets,6414,DOLLARS(millions)
530,2017,A,"Agriculture, Forestry and Fishing",e_20-49,Fixed tangible assets,2907,DOLLARS(millions)
531,2017,A,"Agriculture, Forestry and Fishing",f_50-99,Activity unit,138,COUNT
532,2017,A,"Agriculture, Forestry and Fishing",f_50-99,Rolling mean employees,9384,COUNT
533,2017,A,"Agriculture, Forestry and Fishing",f_50-99,Salaries and wages paid,303,DOLLARS(millions)
534,2017,A,"Agriculture, Forestry and Fishing",f_50-99,"Sales, government funding, grants and subsidies",1247,DOLLARS(millions)
535,2017,A,"Agriculture, Forestry and Fishing",f_50-99,Total income,1284,DOLLARS(millions)
536,2017,A,"Agriculture, Forestry and Fishing",f_50-99,Total expenditure,1148,DOLLARS(millions)
537,2017,A,"Agriculture, Forestry and Fishing",f_50-99,Operating profit before tax,135,DOLLARS(millions)
538,2017,A,"Agriculture, Forestry and Fishing",f_50-99,Total assets,2965,DOLLARS(millions)
539,2017,A,"Agriculture, Forestry and Fishing",f_50-99,Fixed tangible assets,1180,DOLLARS(millions)
540,2017,A,"Agriculture, Forestry and Fishing",g_100-199,Activity unit,39,COUNT
541,2017,A,"Agriculture, Forestry and Fishing",g_100-199,Rolling mean employees,5400,COUNT
542,2017,A,"Agriculture, Forestry and Fishing",g_100-199,Salaries and wages paid,158,DOLLARS(millions)
543,2017,A,"Agriculture, Forestry and Fishing",g_100-199,"Sales, government funding, grants and subsidies",557,DOLLARS(millions)
544,2017,A,"Agriculture, Forestry and Fishing",g_100-199,Total income,612,DOLLARS(millions)
545,2017,A,"Agriculture, Forestry and Fishing",g_100-199,Total expenditure,539,DOLLARS(millions)
546,2017,A,"Agriculture, Forestry and Fishing",g_100-199,Operating profit before tax,46,DOLLARS(millions)
547,2017,A,"Agriculture, Forestry and Fishing",g_100-199,Total assets,916,DOLLARS(millions)
548,2017,A,"Agriculture, Forestry and Fishing",g_100-199,Fixed tangible assets,C,DOLLARS(millions)
549,2017,A,"Agriculture, Forestry and Fishing",h_200+,Activity unit,21,COUNT
550,2017,A,"Agriculture, Forestry and Fishing",h_200+,Rolling mean employees,9546,COUNT
551,2017,A,"Agriculture, Forestry and Fishing",h_200+,Salaries and wages paid,328,DOLLARS(millions)
552,2017,A,"Agriculture, Forestry and Fishing",h_200+,"Sales, government funding, grants and subsidies",1299,DOLLARS(millions)
553,2017,A,"Agriculture, Forestry and Fishing",h_200+,Total income,1390,DOLLARS(millions)
554,2017,A,"Agriculture, Forestry and Fishing",h_200+,Total expenditure,1292,DOLLARS(millions)
555,2017,A,"Agriculture, Forestry and Fishing",h_200+,Operating profit before tax,103,DOLLARS(millions)
556,2017,A,"Agriculture, Forestry and Fishing",h_200+,Total assets,3112,DOLLARS(millions)
557,2017,A,"Agriculture, Forestry and Fishing",h_200+,Fixed tangible assets,C,DOLLARS(millions)
558,2017,A,"Agriculture, Forestry and Fishing",i_Industry_Total,Activity unit,68550,COUNT
559,2017,A,"Agriculture, Forestry and Fishing",i_Industry_Total,Rolling mean employees,111222,COUNT
560,2017,A,"Agriculture, Forestry and Fishing",i_Industry_Total,Salaries and wages paid,4916,DOLLARS(millions)
561,2017,A,"Agriculture, Forestry and Fishing",i_Industry_Total,"Sales, government funding, grants and subsidies",37299,DOLLARS(millions)
562,2017,A,"Agriculture, Forestry and Fishing",i_Industry_Total,Total income,40278,DOLLARS(millions)
563,2017,A,"Agriculture, Forestry and Fishing",i_Industry_Total,Total expenditure,34097,DOLLARS(millions)
564,2017,A,"Agriculture, Forestry and Fishing",i_Industry_Total,Operating profit before tax,4550,DOLLARS(millions)
565,2017,A,"Agriculture, Forestry and Fishing",i_Industry_Total,Total assets,165776,DOLLARS(millions)
566,2017,A,"Agriculture, Forestry and Fishing",i_Industry_Total,Fixed tangible assets,94309,DOLLARS(millions)
567,2018,A,"Agriculture, Forestry and Fishing",a_0,Activity unit,40770,COUNT
568,2018,A,"Agriculture, Forestry and Fishing",a_0,Rolling mean employees,0,COUNT
569,2018,A,"Agriculture, Forestry and Fishing",a_0,Salaries and wages paid,377,DOLLARS(millions)
570,2018,A,"Agriculture, Forestry and Fishing",a_0,"Sales, government funding, grants and subsidies",10582,DOLLARS(millions)
571,2018,A,"Agriculture, Forestry and Fishing",a_0,Total income,12468,DOLLARS(millions)
572,2018,A,"Agriculture, Forestry and Fishing",a_0,Total expenditure,8841,DOLLARS(millions)
573,2018,A,"Agriculture, Forestry and Fishing",a_0,Operating profit before tax,2193,DOLLARS(millions)
574,2018,A,"Agriculture, Forestry and Fishing",a_0,Total assets,68083,DOLLARS(millions)
575,2018,A,"Agriculture, Forestry and Fishing",a_0,Fixed tangible assets,38228,DOLLARS(millions)
576,2018,A,"Agriculture, Forestry and Fishing",b_1-5,Activity unit,20487,COUNT
577,2018,A,"Agriculture, Forestry and Fishing",b_1-5,Rolling mean employees,38493,COUNT
578,2018,A,"Agriculture, Forestry and Fishing",b_1-5,Salaries and wages paid,1968,DOLLARS(millions)
579,2018,A,"Agriculture, Forestry and Fishing",b_1-5,"Sales, government funding, grants and subsidies",16117,DOLLARS(millions)
580,2018,A,"Agriculture, Forestry and Fishing",b_1-5,Total income,17194,DOLLARS(millions)
581,2018,A,"Agriculture, Forestry and Fishing",b_1-5,Total expenditure,14409,DOLLARS(millions)
582,2018,A,"Agriculture, Forestry and Fishing",b_1-5,Operating profit before tax,1979,DOLLARS(millions)
583,2018,A,"Agriculture, Forestry and Fishing",b_1-5,Total assets,64288,DOLLARS(millions)
584,2018,A,"Agriculture, Forestry and Fishing",b_1-5,Fixed tangible assets,38484,DOLLARS(millions)
585,2018,A,"Agriculture, Forestry and Fishing",c_6-9,Activity unit,2229,COUNT
586,2018,A,"Agriculture, Forestry and Fishing",c_6-9,Rolling mean employees,15717,COUNT
587,2018,A,"Agriculture, Forestry and Fishing",c_6-9,Salaries and wages paid,712,DOLLARS(millions)
588,2018,A,"Agriculture, Forestry and Fishing",c_6-9,"Sales, government funding, grants and subsidies",4256,DOLLARS(millions)
589,2018,A,"Agriculture, Forestry and Fishing",c_6-9,Total income,4409,DOLLARS(millions)
590,2018,A,"Agriculture, Forestry and Fishing",c_6-9,Total expenditure,3899,DOLLARS(millions)
591,2018,A,"Agriculture, Forestry and Fishing",c_6-9,Operating profit before tax,431,DOLLARS(millions)
592,2018,A,"Agriculture, Forestry and Fishing",c_6-9,Total assets,14340,DOLLARS(millions)
593,2018,A,"Agriculture, Forestry and Fishing",c_6-9,Fixed tangible assets,9075,DOLLARS(millions)
594,2018,A,"Agriculture, Forestry and Fishing",d_10-19,Activity unit,1251,COUNT
595,2018,A,"Agriculture, Forestry and Fishing",d_10-19,Rolling mean employees,16374,COUNT
596,2018,A,"Agriculture, Forestry and Fishing",d_10-19,Salaries and wages paid,690,DOLLARS(millions)
597,2018,A,"Agriculture, Forestry and Fishing",d_10-19,"Sales, government funding, grants and subsidies",3458,DOLLARS(millions)
598,2018,A,"Agriculture, Forestry and Fishing",d_10-19,Total income,3602,DOLLARS(millions)
599,2018,A,"Agriculture, Forestry and Fishing",d_10-19,Total expenditure,3213,DOLLARS(millions)
600,2018,A,"Agriculture, Forestry and Fishing",d_10-19,Operating profit before tax,335,DOLLARS(millions)
601,2018,A,"Agriculture, Forestry and Fishing",d_10-19,Total assets,9927,DOLLARS(millions)
602,2018,A,"Agriculture, Forestry and Fishing",d_10-19,Fixed tangible assets,5212,DOLLARS(millions)
603,2018,A,"Agriculture, Forestry and Fishing",e_20-49,Activity unit,582,COUNT
604,2018,A,"Agriculture, Forestry and Fishing",e_20-49,Rolling mean employees,17289,COUNT
605,2018,A,"Agriculture, Forestry and Fishing",e_20-49,Salaries and wages paid,644,DOLLARS(millions)
606,2018,A,"Agriculture, Forestry and Fishing",e_20-49,"Sales, government funding, grants and subsidies",3211,DOLLARS(millions)
607,2018,A,"Agriculture, Forestry and Fishing",e_20-49,Total income,3395,DOLLARS(millions)
608,2018,A,"Agriculture, Forestry and Fishing",e_20-49,Total expenditure,2997,DOLLARS(millions)
609,2018,A,"Agriculture, Forestry and Fishing",e_20-49,Operating profit before tax,279,DOLLARS(millions)
610,2018,A,"Agriculture, Forestry and Fishing",e_20-49,Total assets,6799,DOLLARS(millions)
611,2018,A,"Agriculture, Forestry and Fishing",e_20-49,Fixed tangible assets,3291,DOLLARS(millions)
612,2018,A,"Agriculture, Forestry and Fishing",f_50-99,Activity unit,144,COUNT
613,2018,A,"Agriculture, Forestry and Fishing",f_50-99,Rolling mean employees,9450,COUNT
614,2018,A,"Agriculture, Forestry and Fishing",f_50-99,Salaries and wages paid,349,DOLLARS(millions)
615,2018,A,"Agriculture, Forestry and Fishing",f_50-99,"Sales, government funding, grants and subsidies",1501,DOLLARS(millions)
616,2018,A,"Agriculture, Forestry and Fishing",f_50-99,Total income,1610,DOLLARS(millions)
617,2018,A,"Agriculture, Forestry and Fishing",f_50-99,Total expenditure,1424,DOLLARS(millions)
618,2018,A,"Agriculture, Forestry and Fishing",f_50-99,Operating profit before tax,174,DOLLARS(millions)
619,2018,A,"Agriculture, Forestry and Fishing",f_50-99,Total assets,4210,DOLLARS(millions)
620,2018,A,"Agriculture, Forestry and Fishing",f_50-99,Fixed tangible assets,1595,DOLLARS(millions)
621,2018,A,"Agriculture, Forestry and Fishing",g_100-199,Activity unit,36,COUNT
622,2018,A,"Agriculture, Forestry and Fishing",g_100-199,Rolling mean employees,5154,COUNT
623,2018,A,"Agriculture, Forestry and Fishing",g_100-199,Salaries and wages paid,198,DOLLARS(millions)
624,2018,A,"Agriculture, Forestry and Fishing",g_100-199,"Sales, government funding, grants and subsidies",638,DOLLARS(millions)
625,2018,A,"Agriculture, Forestry and Fishing",g_100-199,Total income,642,DOLLARS(millions)
626,2018,A,"Agriculture, Forestry and Fishing",g_100-199,Total expenditure,602,DOLLARS(millions)
627,2018,A,"Agriculture, Forestry and Fishing",g_100-199,Operating profit before tax,35,DOLLARS(millions)
628,2018,A,"Agriculture, Forestry and Fishing",g_100-199,Total assets,524,DOLLARS(millions)
629,2018,A,"Agriculture, Forestry and Fishing",g_100-199,Fixed tangible assets,C,DOLLARS(millions)
630,2018,A,"Agriculture, Forestry and Fishing",h_200+,Activity unit,21,COUNT
631,2018,A,"Agriculture, Forestry and Fishing",h_200+,Rolling mean employees,10671,COUNT
632,2018,A,"Agriculture, Forestry and Fishing",h_200+,Salaries and wages paid,386,DOLLARS(millions)
633,2018,A,"Agriculture, Forestry and Fishing",h_200+,"Sales, government funding, grants and subsidies",1525,DOLLARS(millions)
634,2018,A,"Agriculture, Forestry and Fishing",h_200+,Total income,1582,DOLLARS(millions)
635,2018,A,"Agriculture, Forestry and Fishing",h_200+,Total expenditure,1445,DOLLARS(millions)
636,2018,A,"Agriculture, Forestry and Fishing",h_200+,Operating profit before tax,127,DOLLARS(millions)
637,2018,A,"Agriculture, Forestry and Fishing",h_200+,Total assets,3370,DOLLARS(millions)
638,2018,A,"Agriculture, Forestry and Fishing",h_200+,Fixed tangible assets,C,DOLLARS(millions)
639,2018,A,"Agriculture, Forestry and Fishing",i_Industry_Total,Activity unit,65520,COUNT
640,2018,A,"Agriculture, Forestry and Fishing",i_Industry_Total,Rolling mean employees,113151,COUNT
641,2018,A,"Agriculture, Forestry and Fishing",i_Industry_Total,Salaries and wages paid,5324,DOLLARS(millions)
642,2018,A,"Agriculture, Forestry and Fishing",i_Industry_Total,"Sales, government funding, grants and subsidies",41288,DOLLARS(millions)
643,2018,A,"Agriculture, Forestry and Fishing",i_Industry_Total,Total income,44901,DOLLARS(millions)
644,2018,A,"Agriculture, Forestry and Fishing",i_Industry_Total,Total expenditure,36830,DOLLARS(millions)
645,2018,A,"Agriculture, Forestry and Fishing",i_Industry_Total,Operating profit before tax,5552,DOLLARS(millions)
646,2018,A,"Agriculture, Forestry and Fishing",i_Industry_Total,Total assets,171542,DOLLARS(millions)
647,2018,A,"Agriculture, Forestry and Fishing",i_Industry_Total,Fixed tangible assets,97783,DOLLARS(millions)
648,2019,A,"Agriculture, Forestry and Fishing",a_0,Activity unit,40890,COUNT
649,2019,A,"Agriculture, Forestry and Fishing",a_0,Rolling mean employees,0,COUNT
650,2019,A,"Agriculture, Forestry and Fishing",a_0,Salaries and wages paid,432,DOLLARS(millions)
651,2019,A,"Agriculture, Forestry and Fishing",a_0,"Sales, government funding, grants and subsidies",11311,DOLLARS(millions)
652,2019,A,"Agriculture, Forestry and Fishing",a_0,Total income,12554,DOLLARS(millions)
653,2019,A,"Agriculture, Forestry and Fishing",a_0,Total expenditure,9630,DOLLARS(millions)
654,2019,A,"Agriculture, Forestry and Fishing",a_0,Operating profit before tax,2125,DOLLARS(millions)
655,2019,A,"Agriculture, Forestry and Fishing",a_0,Total assets,72752,DOLLARS(millions)
656,2019,A,"Agriculture, Forestry and Fishing",a_0,Fixed tangible assets,40964,DOLLARS(millions)
657,2019,A,"Agriculture, Forestry and Fishing",b_1-5,Activity unit,19722,COUNT
658,2019,A,"Agriculture, Forestry and Fishing",b_1-5,Rolling mean employees,37719,COUNT
659,2019,A,"Agriculture, Forestry and Fishing",b_1-5,Salaries and wages paid,1944,DOLLARS(millions)
660,2019,A,"Agriculture, Forestry and Fishing",b_1-5,"Sales, government funding, grants and subsidies",16073,DOLLARS(millions)
661,2019,A,"Agriculture, Forestry and Fishing",b_1-5,Total income,16722,DOLLARS(millions)
662,2019,A,"Agriculture, Forestry and Fishing",b_1-5,Total expenditure,14644,DOLLARS(millions)
663,2019,A,"Agriculture, Forestry and Fishing",b_1-5,Operating profit before tax,1752,DOLLARS(millions)
664,2019,A,"Agriculture, Forestry and Fishing",b_1-5,Total assets,64271,DOLLARS(millions)
665,2019,A,"Agriculture, Forestry and Fishing",b_1-5,Fixed tangible assets,39268,DOLLARS(millions)
666,2019,A,"Agriculture, Forestry and Fishing",c_6-9,Activity unit,2403,COUNT
667,2019,A,"Agriculture, Forestry and Fishing",c_6-9,Rolling mean employees,16989,COUNT
668,2019,A,"Agriculture, Forestry and Fishing",c_6-9,Salaries and wages paid,778,DOLLARS(millions)
669,2019,A,"Agriculture, Forestry and Fishing",c_6-9,"Sales, government funding, grants and subsidies",4705,DOLLARS(millions)
670,2019,A,"Agriculture, Forestry and Fishing",c_6-9,Total income,4802,DOLLARS(millions)
671,2019,A,"Agriculture, Forestry and Fishing",c_6-9,Total expenditure,4327,DOLLARS(millions)
672,2019,A,"Agriculture, Forestry and Fishing",c_6-9,Operating profit before tax,462,DOLLARS(millions)
673,2019,A,"Agriculture, Forestry and Fishing",c_6-9,Total assets,15375,DOLLARS(millions)
674,2019,A,"Agriculture, Forestry and Fishing",c_6-9,Fixed tangible assets,9867,DOLLARS(millions)
675,2019,A,"Agriculture, Forestry and Fishing",d_10-19,Activity unit,1275,COUNT
676,2019,A,"Agriculture, Forestry and Fishing",d_10-19,Rolling mean employees,16683,COUNT
677,2019,A,"Agriculture, Forestry and Fishing",d_10-19,Salaries and wages paid,705,DOLLARS(millions)
678,2019,A,"Agriculture, Forestry and Fishing",d_10-19,"Sales, government funding, grants and subsidies",3645,DOLLARS(millions)
679,2019,A,"Agriculture, Forestry and Fishing",d_10-19,Total income,3749,DOLLARS(millions)
680,2019,A,"Agriculture, Forestry and Fishing",d_10-19,Total expenditure,3446,DOLLARS(millions)
681,2019,A,"Agriculture, Forestry and Fishing",d_10-19,Operating profit before tax,293,DOLLARS(millions)
682,2019,A,"Agriculture, Forestry and Fishing",d_10-19,Total assets,10970,DOLLARS(millions)
683,2019,A,"Agriculture, Forestry and Fishing",d_10-19,Fixed tangible assets,5742,DOLLARS(millions)
684,2019,A,"Agriculture, Forestry and Fishing",e_20-49,Activity unit,636,COUNT
685,2019,A,"Agriculture, Forestry and Fishing",e_20-49,Rolling mean employees,18819,COUNT
686,2019,A,"Agriculture, Forestry and Fishing",e_20-49,Salaries and wages paid,723,DOLLARS(millions)
687,2019,A,"Agriculture, Forestry and Fishing",e_20-49,"Sales, government funding, grants and subsidies",3641,DOLLARS(millions)
688,2019,A,"Agriculture, Forestry and Fishing",e_20-49,Total income,3735,DOLLARS(millions)
689,2019,A,"Agriculture, Forestry and Fishing",e_20-49,Total expenditure,3621,DOLLARS(millions)
690,2019,A,"Agriculture, Forestry and Fishing",e_20-49,Operating profit before tax,211,DOLLARS(millions)
691,2019,A,"Agriculture, Forestry and Fishing",e_20-49,Total assets,7020,DOLLARS(millions)
692,2019,A,"Agriculture, Forestry and Fishing",e_20-49,Fixed tangible assets,3355,DOLLARS(millions)
693,2019,A,"Agriculture, Forestry and Fishing",f_50-99,Activity unit,165,COUNT
694,2019,A,"Agriculture, Forestry and Fishing",f_50-99,Rolling mean employees,11244,COUNT
695,2019,A,"Agriculture, Forestry and Fishing",f_50-99,Salaries and wages paid,411,DOLLARS(millions)
696,2019,A,"Agriculture, Forestry and Fishing",f_50-99,"Sales, government funding, grants and subsidies",1752,DOLLARS(millions)
697,2019,A,"Agriculture, Forestry and Fishing",f_50-99,Total income,1856,DOLLARS(millions)
698,2019,A,"Agriculture, Forestry and Fishing",f_50-99,Total expenditure,1688,DOLLARS(millions)
699,2019,A,"Agriculture, Forestry and Fishing",f_50-99,Operating profit before tax,126,DOLLARS(millions)
700,2019,A,"Agriculture, Forestry and Fishing",f_50-99,Total assets,4483,DOLLARS(millions)
701,2019,A,"Agriculture, Forestry and Fishing",f_50-99,Fixed tangible assets,1754,DOLLARS(millions)
702,2019,A,"Agriculture, Forestry and Fishing",g_100-199,Activity unit,33,COUNT
703,2019,A,"Agriculture, Forestry and Fishing",g_100-199,Rolling mean employees,4596,COUNT
704,2019,A,"Agriculture, Forestry and Fishing",g_100-199,Salaries and wages paid,182,DOLLARS(millions)
705,2019,A,"Agriculture, Forestry and Fishing",g_100-199,"Sales, government funding, grants and subsidies",550,DOLLARS(millions)
706,2019,A,"Agriculture, Forestry and Fishing",g_100-199,Total income,557,DOLLARS(millions)
707,2019,A,"Agriculture, Forestry and Fishing",g_100-199,Total expenditure,513,DOLLARS(millions)
708,2019,A,"Agriculture, Forestry and Fishing",g_100-199,Operating profit before tax,44,DOLLARS(millions)
709,2019,A,"Agriculture, Forestry and Fishing",g_100-199,Total assets,654,DOLLARS(millions)
710,2019,A,"Agriculture, Forestry and Fishing",g_100-199,Fixed tangible assets,217,DOLLARS(millions)
711,2019,A,"Agriculture, Forestry and Fishing",h_200+,Activity unit,24,COUNT
712,2019,A,"Agriculture, Forestry and Fishing",h_200+,Rolling mean employees,11007,COUNT
713,2019,A,"Agriculture, Forestry and Fishing",h_200+,Salaries and wages paid,410,DOLLARS(millions)
714,2019,A,"Agriculture, Forestry and Fishing",h_200+,"Sales, government funding, grants and subsidies",1632,DOLLARS(millions)
715,2019,A,"Agriculture, Forestry and Fishing",h_200+,Total income,1725,DOLLARS(millions)
716,2019,A,"Agriculture, Forestry and Fishing",h_200+,Total expenditure,1546,DOLLARS(millions)
717,2019,A,"Agriculture, Forestry and Fishing",h_200+,Operating profit before tax,137,DOLLARS(millions)
718,2019,A,"Agriculture, Forestry and Fishing",h_200+,Total assets,3306,DOLLARS(millions)
719,2019,A,"Agriculture, Forestry and Fishing",h_200+,Fixed tangible assets,1673,DOLLARS(millions)
720,2019,A,"Agriculture, Forestry and Fishing",i_Industry_Total,Activity unit,65145,COUNT
721,2019,A,"Agriculture, Forestry and Fishing",i_Industry_Total,Rolling mean employees,117063,COUNT
722,2019,A,"Agriculture, Forestry and Fishing",i_Industry_Total,Salaries and wages paid,5585,DOLLARS(millions)
723,2019,A,"Agriculture, Forestry and Fishing",i_Industry_Total,"Sales, government funding, grants and subsidies",43308,DOLLARS(millions)
724,2019,A,"Agriculture, Forestry and Fishing",i_Industry_Total,Total income,45699,DOLLARS(millions)
725,2019,A,"Agriculture, Forestry and Fishing",i_Industry_Total,Total expenditure,39415,DOLLARS(millions)
726,2019,A,"Agriculture, Forestry and Fishing",i_Industry_Total,Operating profit before tax,5151,DOLLARS(millions)
727,2019,A,"Agriculture, Forestry and Fishing",i_Industry_Total,Total assets,178831,DOLLARS(millions)
728,2019,A,"Agriculture, Forestry and Fishing",i_Industry_Total,Fixed tangible assets,102839,DOLLARS(millions)
729,2020,A,"Agriculture, Forestry and Fishing",a_0,Activity unit,41625,COUNT
730,2020,A,"Agriculture, Forestry and Fishing",a_0,Rolling mean employees,0,COUNT
731,2020,A,"Agriculture, Forestry and Fishing",a_0,Salaries and wages paid,467,DOLLARS(millions)
732,2020,A,"Agriculture, Forestry and Fishing",a_0,"Sales, government funding, grants and subsidies",11871,DOLLARS(millions)
733,2020,A,"Agriculture, Forestry and Fishing",a_0,Total income,13286,DOLLARS(millions)
734,2020,A,"Agriculture, Forestry and Fishing",a_0,Total expenditure,10092,DOLLARS(millions)
735,2020,A,"Agriculture, Forestry and Fishing",a_0,Operating profit before tax,2104,DOLLARS(millions)
736,2020,A,"Agriculture, Forestry and Fishing",a_0,Total assets,79703,DOLLARS(millions)
737,2020,A,"Agriculture, Forestry and Fishing",a_0,Fixed tangible assets,45282,DOLLARS(millions)
738,2020,A,"Agriculture, Forestry and Fishing",b_1-5,Activity unit,18381,COUNT
739,2020,A,"Agriculture, Forestry and Fishing",b_1-5,Rolling mean employees,35502,COUNT
740,2020,A,"Agriculture, Forestry and Fishing",b_1-5,Salaries and wages paid,2030,DOLLARS(millions)
741,2020,A,"Agriculture, Forestry and Fishing",b_1-5,"Sales, government funding, grants and subsidies",15752,DOLLARS(millions)
742,2020,A,"Agriculture, Forestry and Fishing",b_1-5,Total income,16415,DOLLARS(millions)
743,2020,A,"Agriculture, Forestry and Fishing",b_1-5,Total expenditure,14039,DOLLARS(millions)
744,2020,A,"Agriculture, Forestry and Fishing",b_1-5,Operating profit before tax,1842,DOLLARS(millions)
745,2020,A,"Agriculture, Forestry and Fishing",b_1-5,Total assets,62077,DOLLARS(millions)
746,2020,A,"Agriculture, Forestry and Fishing",b_1-5,Fixed tangible assets,38167,DOLLARS(millions)
747,2020,A,"Agriculture, Forestry and Fishing",c_6-9,Activity unit,2298,COUNT
748,2020,A,"Agriculture, Forestry and Fishing",c_6-9,Rolling mean employees,16152,COUNT
749,2020,A,"Agriculture, Forestry and Fishing",c_6-9,Salaries and wages paid,807,DOLLARS(millions)
750,2020,A,"Agriculture, Forestry and Fishing",c_6-9,"Sales, government funding, grants and subsidies",4910,DOLLARS(millions)
751,2020,A,"Agriculture, Forestry and Fishing",c_6-9,Total income,5026,DOLLARS(millions)
752,2020,A,"Agriculture, Forestry and Fishing",c_6-9,Total expenditure,4388,DOLLARS(millions)
753,2020,A,"Agriculture, Forestry and Fishing",c_6-9,Operating profit before tax,589,DOLLARS(millions)
754,2020,A,"Agriculture, Forestry and Fishing",c_6-9,Total assets,15634,DOLLARS(millions)
755,2020,A,"Agriculture, Forestry and Fishing",c_6-9,Fixed tangible assets,9803,DOLLARS(millions)
756,2020,A,"Agriculture, Forestry and Fishing",d_10-19,Activity unit,1284,COUNT
757,2020,A,"Agriculture, Forestry and Fishing",d_10-19,Rolling mean employees,16674,COUNT
758,2020,A,"Agriculture, Forestry and Fishing",d_10-19,Salaries and wages paid,752,DOLLARS(millions)
759,2020,A,"Agriculture, Forestry and Fishing",d_10-19,"Sales, government funding, grants and subsidies",3913,DOLLARS(millions)
760,2020,A,"Agriculture, Forestry and Fishing",d_10-19,Total income,4030,DOLLARS(millions)
761,2020,A,"Agriculture, Forestry and Fishing",d_10-19,Total expenditure,3622,DOLLARS(millions)
762,2020,A,"Agriculture, Forestry and Fishing",d_10-19,Operating profit before tax,350,DOLLARS(millions)
763,2020,A,"Agriculture, Forestry and Fishing",d_10-19,Total assets,11664,DOLLARS(millions)
764,2020,A,"Agriculture, Forestry and Fishing",d_10-19,Fixed tangible assets,6295,DOLLARS(millions)
765,2020,A,"Agriculture, Forestry and Fishing",e_20-49,Activity unit,627,COUNT
766,2020,A,"Agriculture, Forestry and Fishing",e_20-49,Rolling mean employees,18747,COUNT
767,2020,A,"Agriculture, Forestry and Fishing",e_20-49,Salaries and wages paid,770,DOLLARS(millions)
768,2020,A,"Agriculture, Forestry and Fishing",e_20-49,"Sales, government funding, grants and subsidies",3790,DOLLARS(millions)
769,2020,A,"Agriculture, Forestry and Fishing",e_20-49,Total income,4073,DOLLARS(millions)
770,2020,A,"Agriculture, Forestry and Fishing",e_20-49,Total expenditure,3648,DOLLARS(millions)
771,2020,A,"Agriculture, Forestry and Fishing",e_20-49,Operating profit before tax,197,DOLLARS(millions)
772,2020,A,"Agriculture, Forestry and Fishing",e_20-49,Total assets,7361,DOLLARS(millions)
773,2020,A,"Agriculture, Forestry and Fishing",e_20-49,Fixed tangible assets,3444,DOLLARS(millions)
774,2020,A,"Agriculture, Forestry and Fishing",f_50-99,Activity unit,159,COUNT
775,2020,A,"Agriculture, Forestry and Fishing",f_50-99,Rolling mean employees,10617,COUNT
776,2020,A,"Agriculture, Forestry and Fishing",f_50-99,Salaries and wages paid,424,DOLLARS(millions)
777,2020,A,"Agriculture, Forestry and Fishing",f_50-99,"Sales, government funding, grants and subsidies",1877,DOLLARS(millions)
778,2020,A,"Agriculture, Forestry and Fishing",f_50-99,Total income,1991,DOLLARS(millions)
779,2020,A,"Agriculture, Forestry and Fishing",f_50-99,Total expenditure,1802,DOLLARS(millions)
780,2020,A,"Agriculture, Forestry and Fishing",f_50-99,Operating profit before tax,102,DOLLARS(millions)
781,2020,A,"Agriculture, Forestry and Fishing",f_50-99,Total assets,4724,DOLLARS(millions)
782,2020,A,"Agriculture, Forestry and Fishing",f_50-99,Fixed tangible assets,1886,DOLLARS(millions)
783,2020,A,"Agriculture, Forestry and Fishing",g_100-199,Activity unit,48,COUNT
784,2020,A,"Agriculture, Forestry and Fishing",g_100-199,Rolling mean employees,6270,COUNT
785,2020,A,"Agriculture, Forestry and Fishing",g_100-199,Salaries and wages paid,240,DOLLARS(millions)
786,2020,A,"Agriculture, Forestry and Fishing",g_100-199,"Sales, government funding, grants and subsidies",783,DOLLARS(millions)
787,2020,A,"Agriculture, Forestry and Fishing",g_100-199,Total income,790,DOLLARS(millions)
788,2020,A,"Agriculture, Forestry and Fishing",g_100-199,Total expenditure,777,DOLLARS(millions)
789,2020,A,"Agriculture, Forestry and Fishing",g_100-199,Operating profit before tax,16,DOLLARS(millions)
790,2020,A,"Agriculture, Forestry and Fishing",g_100-199,Total assets,1199,DOLLARS(millions)
791,2020,A,"Agriculture, Forestry and Fishing",g_100-199,Fixed tangible assets,542,DOLLARS(millions)
792,2020,A,"Agriculture, Forestry and Fishing",h_200+,Activity unit,24,COUNT
793,2020,A,"Agriculture, Forestry and Fishing",h_200+,Rolling mean employees,10680,COUNT
794,2020,A,"Agriculture, Forestry and Fishing",h_200+,Salaries and wages paid,424,DOLLARS(millions)
795,2020,A,"Agriculture, Forestry and Fishing",h_200+,"Sales, government funding, grants and subsidies",1624,DOLLARS(millions)
796,2020,A,"Agriculture, Forestry and Fishing",h_200+,Total income,1655,DOLLARS(millions)
797,2020,A,"Agriculture, Forestry and Fishing",h_200+,Total expenditure,1598,DOLLARS(millions)
798,2020,A,"Agriculture, Forestry and Fishing",h_200+,Operating profit before tax,114,DOLLARS(millions)
799,2020,A,"Agriculture, Forestry and Fishing",h_200+,Total assets,3757,DOLLARS(millions)
800,2020,A,"Agriculture, Forestry and Fishing",h_200+,Fixed tangible assets,1750,DOLLARS(millions)
801,2020,A,"Agriculture, Forestry and Fishing",i_Industry_Total,Activity unit,64443,COUNT
802,2020,A,"Agriculture, Forestry and Fishing",i_Industry_Total,Rolling mean employees,114642,COUNT
803,2020,A,"Agriculture, Forestry and Fishing",i_Industry_Total,Salaries and wages paid,5913,DOLLARS(millions)
804,2020,A,"Agriculture, Forestry and Fishing",i_Industry_Total,"Sales, government funding, grants and subsidies",44519,DOLLARS(millions)
805,2020,A,"Agriculture, Forestry and Fishing",i_Industry_Total,Total income,47266,DOLLARS(millions)
806,2020,A,"Agriculture, Forestry and Fishing",i_Industry_Total,Total expenditure,39965,DOLLARS(millions)
807,2020,A,"Agriculture, Forestry and Fishing",i_Industry_Total,Operating profit before tax,5314,DOLLARS(millions)
808,2020,A,"Agriculture, Forestry and Fishing",i_Industry_Total,Total assets,186120,DOLLARS(millions)
809,2020,A,"Agriculture, Forestry and Fishing",i_Industry_Total,Fixed tangible assets,107169,DOLLARS(millions)
